,0,1,2,3
[1 0 3 0 3 0 0 1 0],8.87557548448502,-4.358453688314225,0.11017280257948898,-4.565391501902573
[1 0 3 0 3 1 0 0 0],15.456829901152274,-4.348505391441353,6.766016909196824,-4.5882347010374405
[1 1 3 0 3 1 0 0 0],56.871509466700964,1.4190002890821178,0.975868371688778,0.9326559530146992
[1 1 1 0 1 1 0 0 0],33.06749618041493,0.3165054623277239,0.0636661945134031,0.0
[4 3 1 3 0 0 1 0 0],0.15973752701031493,15.353566580565454,-0.1576685134391522,6.001114927050642
[4 3 3 1 0 0 0 1 0],0.0,-0.2,0.33683365353656025,0.023437173916735617
[4 3 0 3 0 0 1 0 0],-9.361331831174006,1.3821169370624509,-8.067473794299703,2.1522145228841967
[1 0 3 1 3 0 0 1 0],2.933559010689757,-0.5019488504259015,8.265410802820732,-0.398
[4 3 3 0 0 0 0 1 0],-1.5324467431780535,-0.7807030497142118,-0.03173242782574606,0.523051122174051
[4 3 0 3 0 0 0 0 1],-11.963959195618703,3.763029608452788,-10.293098426340073,13.238308607909051
[1 1 0 0 1 1 0 0 0],1.1116825644818884,0.0,0.0,0.0
[1 2 3 0 3 1 0 0 0],48.127423873929324,-0.009323370344845401,0.0,-0.15476356345599068
[0 1 3 0 3 1 0 0 0],58.09357751724468,29.70217402539398,27.708478028842446,29.871586070091134
[0 3 1 0 1 0 1 0 0],7.970827403142699,14.615657747708951,4.621832131552003,62.8595250068728
[-4  3  0  3  1  0  0  0  1],10.488368597629059,10.740989241209885,11.227468375896953,48.30752877646205
[-4  3  0  1  1  0  0  1  0],1.722786542377302,1.0796795299581106,53.36248377450913,3.92300337419445
[-1  0  3  1  3  0  0  1  0],3.0007298398053246,7.913268888993512,53.81293500617572,9.880434159249258
[-1  0  1  1  3  0  1  0  0],0.04379359378912418,1.7913136786841808,40.00960909757044,0.29919410237427074
[-1  0  3  0  3  0  0  1  0],0.6926587672871438,-2.366864243981307,12.531775141486028,-2.968031637348586
[-1  0  3  0  3  1  0  0  0],4.133923938955578,-5.1951246130230855,18.545229201938206,-5.705888435672576
[-4  3  0  0  1  0  0  0  1],-0.357869739131765,0.22457703316635025,0.4181966547103768,16.223789664698952
[-4  3  0  3  0  0  0  0  1],-6.191082040333196,19.15531931111684,-6.906155889254603,8.280258775984743
[-4  3  0  3  0  0  1  0  0],-1.5376899571395988,14.124774754061626,-3.1403878476075797,0.6967169184041154
[0 3 1 0 0 0 1 0 0],7.350886727942112,61.264798779034464,4.485713685723958,5.251738940363454
[0 0 3 0 3 1 0 0 0],28.97482078784601,-2.1453497451270067,9.249967351008411,-1.8508309686984505
[0 3 1 3 0 0 1 0 0],30.912546243094052,60.86433326274682,29.42918803748856,30.317616622760486
[0 3 3 1 0 0 0 1 0],17.89057320387585,19.434308643673937,65.75590035810865,11.235668892573374
[0 0 3 1 3 0 0 1 0],28.055474793518545,33.65653367090332,63.10463671612823,34.24761316972034
[0 0 3 1 1 0 0 1 0],6.106833968341516,8.697965969702008,65.77673505376329,17.43099503412673
[-3  0  3  1  3  0  0  1  0],7.473384626575505,1.5206503475804962,39.28904261515688,0.9914183724404314
[-4  0  3  3  1  0  0  0  1],0.2745340277453243,-0.45680330991708584,0.21662073448286437,34.04989730392297
[-4  1  0  3  1  1  0  0  0],2.6398217653414067,1.0302583999152,0.41469958488396197,43.24069850814945
[-4  3  0  3  2  0  0  0  1],0.6276040245577619,0.41952521069222243,1.7841557533693972,58.663073462716966
[4 1 0 3 0 1 0 0 0],3.210624493094549,-0.00991,-0.4109579732221993,0.8625183107356383
[4 3 0 3 2 0 0 0 1],1.9139817979848834,0.06063170880799996,0.6613272216831327,63.18252783130754
[0 3 0 3 1 0 0 0 1],33.393428046070845,28.02265899131535,33.386322803461844,62.7476630679341
[0 1 0 3 1 1 0 0 0],61.390051317950245,7.662833424608139,12.021882073978562,22.506510553794094
[0 1 1 0 3 1 0 0 0],20.034623336652025,60.370911976271124,5.534650310494821,7.175405475756658
[0 0 3 0 3 0 0 1 0],15.990657422562323,1.8935880239170109,28.40477282442879,2.303037052832035
[0 0 0 3 1 0 0 0 1],9.960949245242151,10.464872880910477,11.53843763906284,64.71210073928543
[-1  1  0  3  1  1  0  0  0],31.760390681126726,0.6219282717256253,1.1121943349266847,0.9819230340305178
[-1  1  3  0  3  1  0  0  0],43.21930093396772,4.150110626728652,7.328872350316126,5.350371929251595
[-1  0  0  3  1  0  0  0  1],0.38415389818274737,0.6383083860075417,-0.3998104782903297,16.02743189525256
[0 3 0 3 0 0 0 0 1],0.9177606418620231,14.135472719284484,0.8625566122979683,28.374010286833265
[-1  1  3  0  1  1  0  0  0],29.79481671576347,0.31966505323632244,0.12353603037185576,1.4434733580708887
[-4  3  1  0  1  0  1  0  0],-0.8069464447917111,49.64741266186091,0.4960587491452445,4.136483917357557
[-4  3  1  3  0  0  1  0  0],4.9433413496563565,48.315866205657,4.546842934230664,2.3215453334214375
[-4  1  1  1  0  1  0  0  0],1.1856738469315116,9.576338295192372,0.0,0.0
[-4  1  0  1  0  1  0  0  0],0.0,0.0,5.760689061111878,-0.030530623617596907
[-1  0  1  3  3  0  1  0  0],0.060951315655679524,38.21328068361396,0.01090075858810632,-0.31445072386827333
[-4  1  0  0  0  1  0  0  0],4.339708149764044,-0.0105429165902038,0.0,0.0
[-3  1  3  0  3  1  0  0  0],47.91344215076083,2.6322348131304905,0.16726748287359355,3.5356983522892946
[0 1 1 0 1 1 0 0 0],3.6018744520812076,55.634172936014586,2.1404047808691904,3.8169149906918576
[0 3 1 1 0 0 1 0 0],7.138488410208482,62.015548214183,18.161494188188563,7.306347359267543
[0 3 0 3 0 0 1 0 0],1.9104758859735242,33.43314873463392,0.7806023038485175,12.482483742607585
[0 1 3 3 0 1 0 0 0],61.668355067198696,14.859771631727238,16.79058527231327,11.163008177682563
[0 3 3 0 1 0 0 0 1],14.287332425096913,15.106514564703895,9.3352159964565,62.786342305340504
[0 0 1 0 3 0 1 0 0],3.2353023503780376,59.219898730656645,1.7175649087323928,-0.307706226457818
[0 0 0 0 0 0 1 0 0],0.15066058658369144,26.537353161665255,0.24799983047908766,0.03201843942393287
[0 3 3 0 0 0 0 1 0],-0.6963334765140474,-1.1702893811251993,28.61828370437807,0.2823835254857283
[0 0 1 3 3 0 1 0 0],9.259033212855668,61.96129055257024,12.886320922075193,10.68818771182367
[0 0 3 0 0 0 0 1 0],0.9636084748472924,-0.3810079156575108,28.692066606598882,0.3978474489423878
[0 0 3 0 1 0 0 0 1],4.916840287371249,0.12493823616914558,3.2853543278385855,61.44835084912895
[0 3 0 1 3 0 0 1 0],17.184251525449767,8.837866408254245,65.87023978883767,12.065300462037085
[0 0 3 3 1 0 0 0 1],9.458299405971376,14.623075918455157,11.26053673510796,63.691463896694295
[0 1 0 1 1 1 0 0 0],2.805131543095799,3.3435530050129243,62.99013009137664,8.169243793918227
[0 0 0 3 0 1 0 0 0],25.077926859173573,1.9786984707634596,-1.14700225530662,1.0047303029475936
[0 1 0 0 1 1 0 0 0],2.653758642001921,0.9893414180488224,1.0046081739100008,59.02425539173818
[0 1 0 1 3 1 0 0 0],61.510712196151545,6.990158948055151,23.835936057775886,10.939186089505904
[4 1 0 3 1 1 0 0 0],0.10678155258787171,0.0,0.3223474236097446,41.55190834846039
[4 3 0 3 1 0 0 0 1],2.060677145535011,0.5729548173823281,1.2311231527885158,53.74476570605021
[4 0 0 0 0 0 0 1 0],1.5989237685533777,2.3639628413808533,1.3408013041000588,0.6639030086954578
[3 0 3 0 3 0 0 1 0],4.2731838427086455,-9.177352387483312,9.617772881198695,-8.536644541494073
[3 0 3 0 3 1 0 0 0],-0.11677218161705516,-2.3194270094789697,1.7450619887087848,-1.3983886168501964
[4 3 0 0 1 0 0 0 1],-0.32903066706488243,0.3020629085057639,0.23933245328700264,55.82175360880592
[0 1 0 3 3 1 0 0 0],61.47897351388019,12.265905390521986,13.309885937546142,12.948505030313983
[0 3 0 0 0 0 0 0 1],-0.70534102795049,1.028910515282042,1.3832857915934529,26.696887178106532
[0 0 0 0 0 0 0 1 0],0.37538905672339257,0.5666934603587338,27.947641575619166,-0.03343534834530052
[0 0 0 0 3 0 1 0 0],1.0001205750932107,28.060018435300442,0.8601005927846047,-0.6695063625472897
[0 3 3 0 0 0 0 0 1],-1.2737134156686356,-1.2407843596245758,-0.12270451008055709,25.308712474920856
[0 1 0 3 0 1 0 0 0],57.368061073488384,2.820576532295715,-0.26918556409582567,2.271198891425416
[0 0 3 3 0 1 0 0 0],25.608057762219946,-0.5531854354771867,-1.208967924236358,0.1735748029219093
[1 1 3 0 1 1 0 0 0],47.15059368726295,0.1383136214209916,0.1479651052799577,0.2276732719374406
[2 3 1 0 1 0 1 0 0],-0.5791409427369723,25.279088633828348,0.0,0.0
[2 3 1 3 0 0 1 0 0],-0.2525424782259159,46.50579396626948,-0.6753444000015816,-0.04692045687205777
[2 3 2 3 0 0 1 0 0],0.5657273328018513,57.641769928459595,0.8131563929201107,-0.019419164511786775
[0 3 0 0 0 0 0 1 0],-0.3444346476226085,0.33190499299762316,27.81158779145937,0.6940746754802647
[0 0 1 1 3 0 1 0 0],10.660795089046946,62.988078240436096,20.718976737228147,10.86822824506658
[0 0 0 0 0 0 0 0 1],0.3335843795213055,0.38331191466727366,0.47797392429889274,25.354734021411655
[0 3 0 0 3 0 1 0 0],-0.788878269991424,27.558833791755216,0.41264937926508216,-1.1425333650668152
[0 0 0 3 0 0 0 0 1],1.54447286998635,1.9746708815385818,-0.41878610056642934,27.240659005814948
[0 0 3 3 0 0 0 0 1],0.8744974964417981,-0.6782512370741547,-1.1719441699603907,26.873347425195934
[0 0 3 0 0 0 0 0 1],0.38724149411818964,-0.27210730030655816,0.29572881310292903,26.446889810590356
[0 1 0 0 3 1 0 0 0],61.25926829217235,5.7424536317452395,5.04993602080968,7.137879340592694
[0 3 1 0 3 0 1 0 0],11.729767558440006,60.30224943386944,7.534578162181193,11.168063043205914
[0 0 0 1 3 0 0 1 0],10.872344426480709,7.679581289886749,65.85447839214515,13.121455176105384
[0 0 0 0 0 0 0 0 0],0.0,0.0,0.0,0.0
[1 0 1 3 3 0 1 0 0],0.08442923472859276,0.4649624405549379,-0.2,-0.2
[2 3 1 0 3 0 1 0 0],-0.25719318097389277,46.46403978885551,0.06630189115421976,-0.019679841746346197
[1 1 3 3 0 1 0 0 0],49.00640231489445,0.03110675508898124,0.0,0.05484432776842164
[4 1 3 0 2 1 0 0 0],0.0,0.0,0.0,19.83094104417797
[0 1 3 1 0 1 0 0 0],61.56850436671268,10.98363509858463,24.61775826791304,8.185622300806568
[4 3 0 1 1 0 0 1 0],0.06033570040147481,0.032833687133297214,0.2497331198906516,46.620852177828944
[-3  3  0  1  1  0  0  1  0],0.9496026653376535,0.8326466724796474,2.2516571457539247,46.60669983465385
[0 3 0 1 0 0 0 1 0],0.4832117968893229,7.1683815767045225,65.22544513630676,6.413468086857296
[0 0 1 3 1 0 1 0 0],8.524279441115334,63.03369688967484,6.9601243587669,19.17803821985029
[0 3 0 0 3 0 0 1 0],-1.081917365450119,0.847938889272562,29.769242734299613,-0.7586913616160119
[-4  0  3  1  1  0  0  1  0],0.009331699009437621,1.0196096021041412,32.78022382942669,1.7268973556005196
[-3  0  3  0  3  0  0  1  0],20.715994011095766,-5.132086177131921,3.3750953618531265,-5.440562809494093
[-4  0  3  0  1  0  0  0  1],-0.01009,-0.20009000000000002,0.0,4.20305390576872
[4 0 3 0 1 0 0 0 1],-0.009643768309000001,0.0,0.0,23.237888185643087
[1 1 0 3 3 1 0 0 0],41.98405832693911,0.0,-0.48267373293938387,0.0
[0 1 3 0 1 1 0 0 0],17.02800564978791,8.026109037702755,5.452905073443883,62.34330435393928
[0 1 1 3 0 1 0 0 0],61.378835444150454,19.80350360124783,9.528613741388842,7.126528231913353
[0 0 3 1 0 0 0 1 0],5.825040945086527,6.993541688296744,65.33304780730737,3.326774172513127
[-2  0  1  3  3  0  1  0  0],0.3638156166492922,31.321185884407775,-0.25191986736166627,-0.47898215005207245
[-2  3  1  3  0  0  1  0  0],1.8673172705946939,38.242240800309645,2.1785152355482813,7.169267242627423
[-2  3  1  1  0  0  1  0  0],0.00468844547296518,2.24037431947093,41.23959259620745,0.023963433143396974
[-1  1  1  3  0  1  0  0  0],26.96048789888718,0.5163990502639879,0.26702251550007483,0.282290001674863
[-1  0  1  3  0  0  1  0  0],0.0,7.328252036197274,-0.3682257483361967,-0.01
[-2  3  0  3  0  0  1  0  0],-4.446281524115996,3.699242837910818,-5.354938777298408,19.754414865622984
[-2  3  0  3  0  0  0  0  1],-0.8192519357777651,-0.07438375280794338,-0.5867597059444044,10.718875491826807
[1 0 0 3 0 1 0 0 0],4.981026794768754,0.03267862313928309,-0.8910486576999859,-0.00991
[2 3 0 3 0 0 1 0 0],-2.194431633807615,7.71110079801817,-4.105546313744566,0.7049214846812604
[2 3 0 3 0 0 0 0 1],-2.438901785076747,0.24783724344854607,-0.9707218457065505,-0.46266527122168144
[2 3 0 1 0 0 0 1 0],0.0,-0.16261146304931265,0.0,0.060852108883628304
[2 3 2 0 3 0 1 0 0],0.0,29.20193006188155,0.0954156873721028,0.0
[0 0 0 3 0 0 1 0 0],1.478481421216094,28.624744561418762,-0.9947179212205225,1.1282568239567503
[0 0 0 0 3 1 0 0 0],22.74742771445604,0.9693725722732799,0.4681995359619749,-0.4884992888832579
[0 0 0 0 3 0 0 1 0],1.2364462700166543,0.6246958549118412,28.43692657050564,-1.5661300798734392
[0 3 0 0 0 0 1 0 0],-1.076443004491636,27.86168528277108,0.9635851503662081,1.038152989017437
[0 0 0 3 3 1 0 0 0],20.982578119950002,0.27721762797451166,-0.8071940795851623,-0.9567025724819679
[0 0 1 3 0 0 1 0 0],6.005720289130075,61.36847372278063,6.343862639694664,6.958552758858543
[0 0 0 3 3 0 1 0 0],0.2764721336880794,26.284373624380642,-1.1529118271610157,-0.9961335217518702
[0 1 3 0 0 1 0 0 0],61.415404452041344,6.87847944776631,3.8426895412776827,5.57641829596219
[-1  0  3  3  1  0  0  0  1],0.02887734127103271,0.06103171518842901,-0.1186495811888103,42.842303484814714
[-2  3  0  3  1  0  0  0  1],4.643389022694195,0.6520520050016224,3.4702835299510926,50.46908782394084
[0 0 1 1 1 0 1 0 0],2.2784984222734783,59.404854037264776,4.57872834273965,4.462437670096997
[0 0 1 0 0 0 1 0 0],1.6866183199519702,57.30200328358455,1.646354600880465,1.3176605183911192
[0 3 0 1 1 0 0 1 0],10.26112536205396,5.260320622107766,18.506135037794323,64.21411804943774
[0 0 0 1 1 0 0 1 0],0.7909364460034936,0.6913979920210971,47.36346184215115,1.2426783094116853
[3 0 3 1 3 0 0 1 0],0.3879488737016712,-0.6567986923940112,48.68902867387613,-1.238923676538396
[4 0 1 1 1 0 1 0 0],0.008507118769593456,0.0,0.12119006212808545,12.717687789102689
[3 1 0 1 3 1 0 0 0],0.6607100675216511,0.011628392138834962,28.411690797707436,0.0
[2 0 1 3 1 0 1 0 0],0.013488433502503883,31.62851467522355,-0.19195305753593644,0.0969617582244611
[0 1 1 0 0 1 0 0 0],14.709303417199152,0.0,0.0,0.0
[0 0 0 1 0 0 0 1 0],2.4473950521792274,4.373872455178512,64.43348190196146,2.6470883736514423
[3 1 3 1 0 1 0 0 0],0.09,-0.24402130345289874,28.895765523677234,0.026340781486707265
[4 0 3 1 1 0 0 1 0],0.01430477180060918,-0.16803112793404265,0.5163376814749615,37.35924336103421
[3 3 0 1 3 0 0 1 0],-0.19845583408979364,0.0,35.368744387073924,-0.18887128469382766
[4 0 3 1 2 0 0 1 0],0.15841439924154688,-0.15947480234380035,0.0,40.582475882168836
[-3  0  3  1  0  0  0  1  0],-0.02808534441758666,-0.36779836173074043,5.187457954424939,-0.018013320483282243
[-4  0  1  3  1  0  1  0  0],0.8260292350277196,2.0135992945361862,-0.07849377817969026,35.47252664528685
[0 0 3 0 0 1 0 0 0],25.729414836147676,-1.7649782673934373,0.26696444462438873,0.8666618593301658
[4 3 1 0 1 0 1 0 0],0.0,0.09863826761046682,0.0,42.132461772325
[1 1 0 1 1 1 0 0 0],24.88015695544361,0.012498817072484526,0.6506099103636299,0.0
[-3  3  1  0  3  0  1  0  0],-0.3486677851843941,20.907497069182295,0.032449528002706014,-0.2
[-3  0  3  0  3  1  0  0  0],12.43016476988115,-1.2293409983042105,0.4717964650886043,-0.9997377359110724
[-1  0  0  1  1  0  0  1  0],0.0,-0.013598200000000001,4.0549331750427475,0.0
[3 3 0 1 1 0 0 1 0],-0.008132556288517251,0.060586818099311046,32.41366192787482,0.36996688416999024
[2 3 0 3 1 0 0 0 1],-0.3859579239078351,0.5102600458272977,-0.38267255342799644,5.522969974025428
[3 3 0 1 0 0 0 1 0],0.0,0.011102105841854212,26.93521804966464,-0.0008273089957485935
[3 0 3 1 1 0 0 1 0],0.006210011765662536,0.0,23.190792649784715,0.48133724532798544
[3 0 3 1 0 0 0 1 0],0.011382352725403814,0.0,12.924365078471748,0.0
[3 0 3 2 3 0 0 1 0],-0.006564270077874982,0.0,36.03893225989153,0.0
[0 0 0 0 1 0 0 0 1],2.756316886572808,2.8591194509878224,1.4240116566127519,62.977647666927155
[0 0 0 0 0 1 0 0 0],21.83434381467549,0.0638626420226909,0.0358364032481967,0.18375530201238677
[0 3 0 3 0 0 0 0 0],0.0,0.0,0.0,0.0
[-1  1  0  1  3  1  0  0  0],0.7813850924396605,0.6526654154665811,50.0462328248023,0.3808517226969849
[-4  1  3  3  0  1  0  0  0],35.80598396988183,-0.4917073040716339,-0.32721130775754814,0.05129514077168112
[-3  3  0  1  3  0  0  1  0],-0.04149960627534924,0.8282520665058735,31.9684051918576,-0.5667713617371306
[-2  0  1  1  3  0  1  0  0],0.24692310633352474,2.628818062947537,42.9013794369683,0.3738074927536347
[-3  3  0  0  3  0  0  1  0],-1.1095486974149846,22.638508383614937,0.8751296973053903,-1.0316092622589186
[2 0 1 0 3 0 1 0 0],0.022450781848466064,24.149744459904475,0.03868711845693253,-0.08661121507317818
[3 3 3 1 0 0 0 1 0],0.0,-0.004306847644877436,32.92820554131865,0.0
[2 0 1 3 3 0 1 0 0],0.006103920708549197,29.037346916607266,0.0,-0.2
[3 3 1 1 0 0 1 0 0],0.0,0.09242028810000001,14.198012874198788,0.0
[-1  2  1  3  0  1  0  0  0],0.5762634927554404,8.306033345316798,0.3969144728897396,0.0
[-4  1  3  0  1  1  0  0  0],0.0,0.4558462873394623,0.8138698338635872,32.80678001054417
[-3  1  0  1  3  1  0  0  0],1.6471544060832382,0.0,21.59736143620038,-0.7973563765524181
[-3  0  3  2  3  0  0  1  0],0.12324085349012008,-0.3369795460648588,15.418626880484805,-0.1323082767599202
[-3  1  0  0  3  1  0  0  0],4.844092188833374,0.0,0.028156224128361062,-0.19515322417645517
[-3  3  3  0  1  0  0  0  1],-0.2,-0.8607657300434212,0.01360579326974011,27.895006343587195
[-2  1  0  3  1  1  0  0  0],0.29345567652784693,-0.01629202359797064,0.2202562498697386,7.886319068431267
[-2  3  0  1  3  0  0  1  0],0.21945274140631174,-0.06762271585030294,38.499288274988544,-0.2289417038787823
[-2  0  0  3  1  0  0  0  1],-0.006629504531490287,0.041850808651047816,-0.2,3.730095707592543
[2 0 0 3 0 0 1 0 0],0.048359623337159575,1.2060977093051322,-0.199732691,0.0030712809307012964
[3 3 3 0 0 0 0 1 0],-0.770341209209519,-0.2,2.8300817512062393,0.020795580202109955
[3 0 0 0 3 0 0 1 0],0.007133476140616478,0.0,2.0814530033286807,-0.396166052123914
[4 1 3 0 1 1 0 0 0],0.0,0.0,0.0,38.24539775068761
[1 1 0 3 1 1 0 0 0],37.68519619274579,0.0,0.0,0.22880672976622887
[4 3 3 0 1 0 0 0 1],0.19701674940390468,-0.07678468359519608,0.0736694403305118,58.23884624594662
[-3  1  0  1  1  1  0  0  0],15.714826591147276,0.07558165807380945,0.6399859864750573,2.191435356540694
[-4  0  0  3  0  0  1  0  0],3.2277410578627426,0.23734694657634486,-0.2,-0.031132070990040037
[4 0 0 3 0 0 1 0 0],6.3333648631203685,1.5973382429651115,-2.789785226455434,0.310454717707153
[3 0 0 1 1 0 0 1 0],0.0,0.0,3.9033456309011814,0.0
[2 0 2 1 3 0 1 0 0],0.0,22.838815175487014,0.13721161069706703,-0.30510177777028785
[-3  3  3  1  0  0  0  1  0],-0.3234084492735441,-0.21580920048201013,28.282045484150323,0.5694987567678906
[-2  1  2  1  0  1  0  0  0],0.23654193534165735,8.074009770516966,0.45521860847044227,0.0
[-3  3  0  0  0  0  1  0  0],-0.15553152662919334,2.130502536216171,-0.05566411136057525,-0.051517203175022744
[0 1 0 0 0 1 0 0 0],61.04318176612853,3.8235680310380027,3.3744597766874773,4.531884607182221
[-2  3  1  0  1  0  1  0  0],-0.15661896513867185,28.98611218942949,1.0093140625547874,1.9287691932757351
[1 1 1 3 0 1 0 0 0],18.43850061910367,0.1284816020437188,-0.0618179007749109,0.25493623203643023
[2 0 2 0 0 0 1 0 0],0.0,4.434837308702653,0.0,0.0
[3 3 0 0 1 0 0 0 1],-0.17671989798051413,0.0,-0.09685483790333596,1.0461737721426578
[3 0 1 1 3 0 1 0 0],0.2157759833398274,0.0,24.76104533755064,0.0
[-1  1  1  0  3  1  0  0  0],38.21487341880158,3.164864133740751,1.010913658891652,0.3926729164595509
[-2  1  2  0  3  1  0  0  0],14.971673289842833,0.5777208595974936,0.4309967062463478,0.35946902411065357
[-3  3  1  0  1  0  1  0  0],-0.06317376818266911,32.15214228820295,0.009333009654149724,1.0601138201976126
[2 3 0 0 3 0 0 1 0],-0.7855448485852234,-0.06087635160090359,0.5089876290686124,-0.3971217042133204
[2 0 2 3 3 0 1 0 0],0.026580827462369033,36.69253598150845,0.0,0.0
[-3  1  3  1  0  1  0  0  0],25.660553808443197,-0.018407651340278736,0.2641584803901527,0.17160358235405504
[-3  0  3  0  0  0  0  1  0],0.6688769819788143,-0.776230226400592,0.10492750228217979,5.628300597297292
[3 0 3 0 0 0 0 1 0],0.0,0.0,1.2986124400609227,-0.009352618391666288
[3 3 0 0 0 0 0 1 0],0.0,0.028443925590670965,1.7304511382449352,0.049045485398462214
[2 0 2 0 3 0 1 0 0],-0.00878597747146471,15.316577058693325,0.0,-0.16501838216378384
[0 3 0 0 1 0 0 0 1],3.434268299788845,2.063911401506839,1.9701720478181473,60.72045272118062
[-4  1  0  1  1  1  0  0  0],2.278388311303818,0.5317416995610305,1.0488008598691199,28.871899271170346
[-1  1  0  3  3  1  0  0  0],35.54754952483687,0.8632288850982854,-0.29071608502489293,0.15195558955296884
[-4  3  3  0  1  0  0  0  1],0.5845235973344025,0.9058241875662105,0.9913942341337015,47.02008993720814
[-4  1  1  0  1  1  0  0  0],20.730119075438083,0.8408019280408338,0.0,0.4919753694890705
[-1  1  3  1  0  1  0  0  0],21.20310499317254,-0.3460862902721829,2.2567335172929193,-0.011904875567249689
[-1  1  1  0  1  1  0  0  0],26.454927454019927,1.0836069420226797,0.22208628220425947,2.1687735717481584
[-2  3  2  0  1  0  1  0  0],-0.5413572394192405,24.412341595357194,0.0,1.8174026060662416
[0 0 1 0 1 0 1 0 0],0.0,25.949225466319845,0.0,0.5236762940285685
[4 0 0 0 1 0 0 0 1],-0.00843135793673734,0.0023929505492189017,0.0,19.43857810244059
[4 0 1 3 1 0 1 0 0],0.3555769375538,0.30457376832958316,0.16894184731616363,45.575908647275945
[-2  3  2  3  0  0  1  0  0],0.6190549187705413,43.92711351413314,0.6428949105724675,0.4392554230112119
[1 1 1 0 3 1 0 0 0],47.08059741780484,0.4841891719890501,0.29888507085824056,0.0
[1 1 0 1 3 1 0 0 0],39.412356471749554,0.06891236081543023,0.0,0.07700748050153056
[-2  3  1  0  3  0  1  0  0],-0.49515283776233854,34.26774402184339,0.7221368236262751,-0.24212239836008398
[-2  3  0  0  3  0  0  1  0],-0.2,-0.06506321276923396,1.865810987923413,-0.7845541234274744
[3 0 1 1 1 0 1 0 0],0.0,0.42402351904571367,19.872739269684683,0.2040238169670369
[2 0 2 1 1 0 1 0 0],0.0,14.818254977338185,0.3039699437191803,0.09
[2 0 2 1 0 0 1 0 0],-0.008283473913796267,1.1333516029253556,0.0,0.0
[-4  1  3  0  0  1  0  0  0],11.768549903107756,-0.41158238827221566,-0.010581348915280762,-0.06359752652703775
[-1  0  1  3  1  0  1  0  0],-0.04605977274012552,42.552699165374044,0.3544197359738662,2.9710210078854353
[4 1 1 3 0 1 0 0 0],0.0,0.7058741553893313,-0.2819086213445906,-0.0017693918222149024
[-1  1  1  1  0  1  0  0  0],20.328355603397476,0.0,2.294643545572697,0.0
[-3  1  1  0  1  1  0  0  0],0.0,0.0,0.07056819931739913,13.589084186360715
[-1  1  0  1  1  1  0  0  0],17.554826870400753,0.10351048067384885,0.46834362271379204,1.0240481863254887
[-4  1  1  3  0  1  0  0  0],27.67591260358295,0.42413383551010037,0.30915090295885983,0.05291183219839302
[-3  3  0  0  1  0  0  0  1],-0.16806931596217745,0.542314419553731,0.0,7.725189688542853
[-2  1  0  1  3  1  0  0  0],14.168049583497737,-0.03110741851282874,0.0,-0.3433453364505913
[-3  3  1  1  0  0  1  0  0],0.9594630372044899,39.085097820679856,1.112778231797518,0.8300508746214269
[4 0 3 0 0 0 0 0 1],0.020020037447878607,-0.19862989574235687,-0.00855359678493331,1.6019530317297879
[4 1 0 0 1 1 0 0 0],0.0,0.0,0.0,7.1929511216361215
[-4  1  0  3  0  1  0  0  0],14.445192799501141,0.0,-0.27931921828530126,0.10315254867429655
[-4  0  1  0  1  0  1  0  0],-0.019463858312420774,1.6846536140641104,0.0,0.0
[0 0 3 0 3 0 0 0 0],0.0,0.0,0.0,0.0
[4 3 3 0 2 0 0 0 1],0.0,0.0,0.08126721410194943,34.618125963461516
[-3  3  0  2  3  0  0  1  0],-0.38217371767914443,0.41548169564488885,23.455568651604608,-0.004043055209298707
[-3  0  1  1  3  0  1  0  0],0.49666315609103595,39.53815227962118,1.3431169706904347,0.2601262329463573
[2 0 1 1 3 0 1 0 0],0.0,21.376690320659296,0.0,-0.15202560091363004
[2 1 1 3 0 1 0 0 0],0.0,7.954531489115997,0.0,0.018517998185006285
[-3  3  0  1  0  0  0  1  0],-0.25273359140500495,0.585002420373548,10.615010527783989,-0.021977988037832193
[-3  3  0  0  0  0  0  1  0],-0.7842049440221088,12.741267256839771,0.7025749374301548,0.30080677878664486
[-2  1  1  3  0  1  0  0  0],2.3254342751830706,20.274090858446705,0.23989504180600676,0.4336472678011706
[2 0 0 3 0 0 0 0 1],0.1977257391397803,-0.026894618878411426,-0.2,-0.01
[2 3 1 1 0 0 1 0 0],0.0,7.05831456898875,0.09870728880957667,0.0
[2 1 2 0 3 1 0 0 0],0.10836719626424858,17.328612537319042,0.030894294555252503,0.0
[-4  1  0  3  2  1  0  0  0],0.44924602576491884,0.09446293314303453,4.478252282613705,0.0
[-3  1  3  0  1  1  0  0  0],0.5039735448434924,0.0,0.0,8.141172696560076
[-3  3  0  0  3  0  1  0  0],-0.2,1.0107207563462288,-0.03364729703568242,-0.2
[-3  1  3  0  0  1  0  0  0],1.4151499248969335,0.0,0.0,0.0
[-3  0  3  1  1  0  0  1  0],0.0941784742819983,0.0,15.600197705326716,0.6113013802328676
[-2  0  1  3  1  0  1  0  0],-0.013674540851694478,22.607206240369024,-0.37871588170730897,0.326972019142904
[-3  0  1  1  1  0  1  0  0],0.1427539388844663,0.3966515680515822,0.0,18.809859786500358
[-1  1  3  3  0  1  0  0  0],36.95012440193355,-0.506596204435116,-0.16464994272621522,0.9618656854898733
[-3  0  1  0  0  0  1  0  0],0.0,4.11987719210166,-0.02272706092540579,-0.012637625975781752
[3 0 1 0 0 0 1 0 0],-0.008049192125193831,0.10626033404588159,-0.038831884415721066,-0.008736039605035247
[-4  3  1  1  0  0  1  0  0],0.6246961983376402,0.5317425799229727,40.01386032028791,0.48505199973158997
[-2  3  0  0  3  0  1  0  0],-1.2070824500648956,0.21701245232967553,13.648546336569819,-1.004154953175027
[-1  0  3  0  0  1  0  0  0],0.15184919886254478,-0.2,3.460978460644507,0.01419149428301966
[-4  0  3  3  0  0  0  0  1],10.51885319576669,-0.593911363652815,-0.9711397200755324,0.05272467172522004
[4 0 3 3 0 0 0 0 1],-0.005411454669234418,-0.37670775451100136,-0.3948115044156369,2.5666949292329364
[3 1 0 1 1 1 0 0 0],0.0,0.0,9.873105541005748,0.11328010201948589
[4 0 3 3 1 0 0 0 1],0.0,0.0,-0.12269386720107456,42.67423725080646
[4 3 0 0 0 0 0 0 1],-0.33434850737787547,0.06079611252865357,0.2693923257304107,5.780375147150322
[-2  1  2  0  1  1  0  0  0],0.0,10.398845583861094,0.2872370597709175,0.0
[-1  1  0  0  0  1  0  0  0],1.6214381393113828,-0.015465602243025156,-0.019162652505683414,-0.015969908894172432
[4 0 3 3 2 0 0 0 1],0.0,0.0,-0.32585623334470826,37.35767082001507
[-3  0  0  1  3  0  0  1  0],0.23235054179161846,0.36653446025945713,7.893784412899616,-0.7233884480158252
[-1  0  3  3  0  1  0  0  0],0.7950102695979442,-1.433678304524149,-0.823924608032955,18.920826739384697
[2 3 0 0 3 0 1 0 0],-0.38684550237453064,2.7099475633670216,0.005782604936160158,-0.91388343256378
[2 3 1 0 0 0 1 0 0],-0.13322971812358725,20.36562365230912,0.03915132412509859,0.0
[3 1 3 0 3 1 0 0 0],7.646022063519811,-0.2,2.372588886880205,-0.2
[3 3 1 0 3 0 1 0 0],0.0,0.09242028810000001,0.0,0.0
[3 3 0 0 3 0 1 0 0],-0.2,-0.01589852351769876,-0.010179100000000002,-0.2
[-4  3  3  1  0  0  0  1  0],-0.18945175421185823,0.23339455939079967,37.897467876514035,0.05504373081196112
[-1  0  0  1  3  0  0  1  0],-0.02998537073316048,0.0,3.6407344361081764,0.0
[0 1 1 1 0 1 0 0 0],4.397159263350748,58.188512915073616,3.5376910520015583,1.1700783225578775
[4 1 0 1 1 1 0 0 0],0.10453538399813928,0.0,0.13797439908636996,20.1056122601743
[-4  1  3  0  2  1  0  0  0],6.9587959651093545,-0.017691335919587204,-0.011082918453636547,0.0
[4 0 1 0 1 0 1 0 0],0.0,0.0,0.0,7.268981888969898
[4 0 3 0 2 0 0 0 1],0.0,0.0,0.0,7.521789361278901
[-1  0  3  1  1  0  0  1  0],0.18614920247765493,0.4878581383459262,37.39875641637666,1.5339511455332513
[-4  3  0  0  0  0  0  0  1],-0.7901640973719378,15.850772331364176,0.970251040947798,0.8649764975031802
[-1  0  3  3  0  0  0  0  1],-0.030245749318192884,-0.37692510805846957,-0.2,2.5045645187058505
[2 3 2 0 1 0 1 0 0],0.0,18.235983504360814,0.0785633696416692,0.1189336576059019
[1 0 1 1 1 0 1 0 0],-0.00886673258435454,0.0,0.0,0.48897790242050554
[2 1 2 0 1 1 0 0 0],0.0,9.767414269478055,0.0,0.0
[0 0 1 1 0 0 1 0 0],0.501321398691732,19.539097425302334,1.8329451895362312,-0.0006701175608745061
[0 1 0 1 0 1 0 0 0],2.990389849338625,0.24632725560783417,49.23687986141648,1.5289048264581662
[-3  0  0  1  0  0  0  1  0],0.0,0.0,2.235405409945726,0.04535244956230765
[-4  0  1  3  2  0  1  0  0],-0.015307806405352871,0.0,0.0,1.2079390770692808
[-3  0  0  0  0  0  1  0  0],-0.015397107501953299,-0.01214910759769382,0.08540926058789296,-0.01053973
[-3  1  0  0  0  1  0  0  0],2.9081427287021575,-0.0036455005301540577,-0.030270000000000002,-0.013778847888788534
[3 1 0 0 0 1 0 0 0],0.09,0.0,-0.0035046849589885536,0.0
[3 0 0 0 0 1 0 0 0],-0.030038450635917126,-0.02074368099222221,-0.030496672165340077,-0.036032624526784435
[4 0 0 3 1 0 0 0 1],0.0,0.0,0.0,9.986014937036888
[4 0 0 3 2 0 0 0 1],0.0,0.0,0.0,1.5357922403702886
[2 0 0 1 3 0 0 1 0],-0.004996198947743169,0.1257760938605697,0.0,0.0
[3 3 3 0 0 0 0 0 1],-0.2,-0.2,0.07615132266216679,-0.01376346374152439
[2 0 0 3 3 0 1 0 0],0.061053240691948486,1.357314172904033,-0.3926397707171332,-0.7791446791570833
[1 0 3 0 1 0 0 0 1],0.571602804391879,0.0,0.0,0.0
[2 3 0 0 1 0 0 0 1],0.0,-0.050800941039349776,0.0,0.38158315541476323
[-1  0  0  3  0  0  1  0  0],3.412230795358841,0.6670383324016089,-0.7348460778854866,0.6565824988879609
[-1  0  0  3  3  1  0  0  0],0.2821973727240197,20.58625797134358,-0.607222361476238,-1.0584869970433544
[1 0 0 3 3 1 0 0 0],3.7718314704932983,-0.008915012991092269,-0.2,-0.39714198961202474
[-1  0  1  0  1  0  1  0  0],0.0,7.269624334936932,0.3222693094915163,0.4943409062467451
[-4  3  1  0  0  0  1  0  0],-0.1844875946672711,13.818412719840659,-0.014409348559149437,0.00968823213535726
[1 0 0 0 3 1 0 0 0],6.854408477609844,0.20466131008328614,0.29875678345599005,-0.1789714897341402
[1 0 3 1 0 0 0 1 0],-0.023326564350077003,0.0,0.5666928857673459,0.0
[2 3 0 0 0 0 0 1 0],-0.6045713726074449,-0.026281271046573105,-0.00954445839845611,1.832394565036168
[1 0 0 0 0 1 0 0 0],1.2005898661598156,0.009054063014339328,-0.004997600534609687,-0.007563288220602834
[1 2 3 3 0 1 0 0 0],9.978642741760266,-0.12004349983055329,0.0,0.0
[-4  3  3  0  0  0  0  0  1],-1.8663888135684215,-2.6388688195247307,2.4248200156164246,13.908020021963184
[4 1 3 0 0 1 0 0 0],1.3753212674865902,-0.19715975368316893,-0.004844662406856977,0.579045079814799
[-1  0  0  1  0  0  0  1  0],0.0,0.0,6.231489853731454,0.2003639719582502
[3 3 0 0 3 0 0 1 0],0.0,0.09093942302276535,2.941482315515995,0.0
[1 0 1 3 1 0 1 0 0],0.005775276206983843,0.2812698459696913,-0.2,0.0
[1 0 0 3 1 0 0 0 1],0.8929802970744745,0.0,0.0,1.73353611329302
[-1  1  0  0  3  1  0  0  0],7.72298755289066,0.33866756649562213,0.21547129688001299,-0.14634159154288146
[4 3 0 1 2 0 0 1 0],-0.1060761593193911,-0.0023498190747577165,0.19023976687969324,20.692841591854773
[4 3 3 0 0 0 0 0 1],-0.5195925271366508,-0.7086029423727098,0.21194818075940375,5.041721808145744
[-3  1  1  0  3  1  0  0  0],12.055538538230888,0.3135477449213759,-0.021481925271603093,0.11748882552948398
[2 1 0 3 0 1 0 0 0],0.0,-0.04823895497460991,0.0,0.0
[4 3 1 0 2 0 1 0 0],0.0,0.12161577977995876,0.0,6.6026260176773315
[2 1 1 0 3 1 0 0 0],0.20034036044694883,16.073477320630786,0.0,0.0
[-2  1  1  1  0  1  0  0  0],0.8590125345034731,13.826305378037938,0.0,0.24274052011973413
[-2  3  2  1  0  0  1  0  0],0.7750628810268534,1.5743281718563646,15.259135765525608,0.0
[-4  0  1  1  1  0  1  0  0],0.11919721955966085,0.48224529032996494,1.7320371793055311,19.128824824093247
[4 3 0 0 2 0 0 0 1],-0.2,-0.002336320884010138,-0.004059127639752644,1.063711203806951
[4 3 1 0 0 0 1 0 0],-0.1871071714954275,3.368550252945317,0.10577737786059847,0.42447078573271785
[-2  3  0  1  1  0  0  1  0],0.5962271595628256,0.0390568173746436,26.132654268933663,2.00606648602066
[4 0 0 1 0 0 0 1 0],0.0,0.0,1.1997891367095184,0.5178532901245788
[1 0 0 3 3 0 1 0 0],-0.02486052380146085,0.3239862963909047,-0.5939653955371598,-0.398061206139536
[4 0 0 0 0 0 0 0 1],0.0216464361497611,0.0,0.09734327654487449,3.260587892856262
[-2  0  1  1  1  0  1  0  0],-0.015428573612958041,0.0,0.0,10.036448035469645
[2 0 1 1 0 0 1 0 0],0.0,0.9393570711320011,0.0,0.0
[1 2 1 1 0 1 0 0 0],0.8710874391131179,0.0931993178293362,0.0,0.0
[4 3 1 1 0 0 1 0 0],0.0,0.0,0.8738838640862817,0.012228718620149638
[1 2 0 1 0 1 0 0 0],0.37385361544890866,0.0,0.0,0.0
[-4  0  1  3  0  0  1  0  0],0.15611120653789884,14.984109358197113,-0.0011569582114615284,0.0
[1 0 1 1 3 0 1 0 0],-0.014131122812231363,0.601265991605535,0.0,0.0
[3 1 0 0 3 1 0 0 0],0.11682193575450386,0.0,0.11261518501685867,0.0
[1 1 3 1 0 1 0 0 0],12.059508753553281,0.0,0.0,0.0
[-2  0  2  1  3  0  1  0  0],-0.012526716663081692,0.0,0.0,0.8890572783522948
[2 1 0 0 3 1 0 0 0],0.0,0.0740944147910276,0.0,0.0
[-1  0  0  0  1  0  0  0  1],0.0,0.0,0.0,6.919298103493295
[2 3 2 0 0 0 1 0 0],0.0,13.205447064056845,0.0,0.0
[3 0 0 1 3 0 0 1 0],0.0,0.0,15.013364310775893,-0.14372749979843097
[-3  3  0  2  1  0  0  1  0],0.5585874492087595,-0.014893302482956129,12.077965923721074,0.0
[-4  3  0  1  0  0  0  1  0],-0.21474336505651861,-0.013831148180831044,6.256627495543864,-0.06391962850568167
[4 3 0 1 0 0 0 1 0],-0.1915264608203343,-0.0015211962121309708,0.47230437930366365,0.8968344447099373
[-2  1  1  0  3  1  0  0  0],29.45231611735296,0.37878522017447325,0.1983135598921896,0.17297821055555931
[-2  0  1  0  3  0  1  0  0],-0.009469275435183007,4.636472988747386,-0.013447910370659583,-0.20266234423685134
[-1  2  3  0  3  1  0  0  0],31.932563406958355,0.8969343072532918,0.3223244329276726,1.2623313093056399
[1 1 0 3 0 1 0 0 0],6.97620596611409,0.0,0.0,0.0
[-2  0  0  3  0  0  1  0  0],17.260045980134255,0.6292669724217452,-0.7718976280537971,1.1200850996833975
[1 1 0 0 3 1 0 0 0],24.597033590160127,0.0,0.20891731557129792,0.0
[-2  3  2  0  3  0  1  0  0],0.0,12.039899424186414,0.14719497614583543,-0.3943760827116643
[-1  0  0  3  3  0  1  0  0],-0.0255380261350699,3.786335032143805,-0.39282743173120793,-0.2
[-4  0  1  0  0  0  1  0  0],0.0,7.9237616484606646,0.15774352489685137,0.0
[-4  0  0  0  0  0  0  0  1],0.2125989409846957,-0.000770584315159304,0.0227222852278683,1.3322626534956117
[-3  0  0  0  3  0  0  1  0],0.5509952464891831,0.6066887029150556,10.126040828577729,0.1919293816830075
[-4  0  3  0  0  0  0  0  1],-0.00958525638871965,-0.20356845374570987,-0.006901928507418145,-0.0005381036335366161
[3 3 0 2 3 0 0 1 0],0.0,0.0,5.021297398757505,0.0
[-1  0  3  1  0  0  0  1  0],0.02356156761526675,-0.2,5.588101278198337,0.0
[-4  3  3  0  2  0  0  0  1],-0.2,-0.2,-0.013390983091747804,17.35370477237512
[-1  0  1  0  3  0  1  0  0],0.055985089138151686,17.53250468137022,0.0,-0.06646396962814424
[1 0 3 3 0 1 0 0 0],5.90230009906916,-0.39531972975210544,-0.5689006855844546,-0.0008248105474274719
[3 1 3 0 1 1 0 0 0],0.0,0.0,-0.020937804265593333,0.0
[-2  3  1  0  0  0  1  0  0],-0.02645802575703167,8.127716740678006,0.0,0.4122088464604021
[2 3 0 0 0 0 0 0 1],-0.5926750619571161,-0.05418307946095294,0.14711492706561058,0.4055844717345011
[-1  0  1  1  1  0  1  0  0],0.03321656915973562,15.381098051487413,2.3866483706970882,0.5080633438780272
[-4  3  3  0  0  0  0  1  0],-0.3958744276676802,-0.37811739372664543,2.648700011614278,0.17025736016640852
[2 1 0 3 1 1 0 0 0],0.0,-0.036061187931127135,0.0,0.0
[3 3 0 0 0 0 1 0 0],-0.6789216838341885,-0.018296860360880244,-0.010566855188582677,0.511825480262986
[4 1 1 0 1 1 0 0 0],0.0,0.0,0.0707019807728045,6.822597974644304
[4 1 0 1 2 1 0 0 0],0.10453538399813928,0.0,0.0,7.392884145070977
[2 0 0 1 0 0 0 1 0],-0.0036337018706398693,-0.05605584867699932,0.24604146558588644,-0.00504067878093843
[2 0 0 0 0 0 0 1 0],0.0,0.0,0.4936217602954697,0.0
[-2  1  0  3  0  1  0  0  0],3.8519077283304544,0.25310409252188554,-0.16312600731870788,-0.015369356984103232
[-3  1  1  1  0  1  0  0  0],0.42846744204338827,12.750369791898388,0.27308108589023,0.12600416880931795
[-1  0  0  0  3  1  0  0  0],0.9607539397142669,1.9727202328007598,18.023334434139006,-0.7418115220470471
[4 0 3 0 0 1 0 0 0],1.0192657781200527,-6.964672229295628,10.120506942344038,0.8076259788213791
[1 2 0 3 3 1 0 0 0],18.37881411532886,0.0,0.0,-0.1402463608729538
[1 1 0 0 0 1 0 0 0],1.2287706958497284,0.0,0.019911495183780874,-0.004737072809330251
[4 0 3 3 0 1 0 0 0],-0.11072007771016483,-0.7719304368132257,-1.1444099071398914,1.1417555499759693
[2 3 0 0 0 0 1 0 0],0.0,2.2541530164487806,0.10585713602154781,0.014076129087385926
[2 3 2 1 0 0 1 0 0],0.07896138439806087,8.089386565722453,0.0,0.0
[-3  0  0  0  3  0  1  0  0],0.7432691980909193,0.0,-0.08567666881738906,0.0
[3 0 0 0 3 0 1 0 0],1.4552701022503212,0.07629866105258755,0.006636891382298989,-0.1964714200673416
[1 0 3 0 0 1 0 0 0],1.9836166123803998,-1.5803039423544152,9.9412856072363,0.42350434392712955
[3 0 0 0 3 1 0 0 0],0.027652129664328118,2.4986881471987914,0.02747125622795172,-1.4708724701006548
[-2  0  0  3  3  0  1  0  0],16.58356349688417,0.6267011790477399,-0.6078141599212974,-0.3571888104130547
[-3  3  3  0  0  0  0  1  0],-0.2911468069635331,-0.9886876398993749,0.6808759405992978,12.645373982670076
[1 1 1 1 0 1 0 0 0],5.85385596026698,0.0,0.2112733712494332,-0.004577992705583619
[1 1 1 0 0 1 0 0 0],3.2319969618424222,0.0,0.0,0.0
[-3  0  0  0  0  1  0  0  0],0.13076075744929902,0.0,0.0,0.0
[3 0 0 1 0 0 0 1 0],0.0,0.030628463106163704,6.010994507337403,-0.004506790650742505
[-3  0  3  0  1  0  0  0  1],0.0,0.0,0.0,3.4033451862708257
[3 1 1 1 0 1 0 0 0],0.5734627542158781,0.09863826761046682,4.896850136913221,0.0
[1 2 3 1 0 1 0 0 0],1.6171737729970403,0.0,0.0,0.0
[4 0 1 0 0 0 1 0 0],0.0,0.0,0.4531247844015832,0.6777791975353984
[-4  3  0  0  0  0  1  0  0],-0.7089893965474441,0.17298224335517737,15.528395022292624,0.5093540303751294
[4 0 0 1 1 0 0 1 0],0.0,0.0,0.0,1.1505302096267096
[1 0 0 1 0 0 0 1 0],0.5407321655030857,0.0,0.39743441989313794,0.007518767399579545
[3 0 1 1 0 0 1 0 0],0.0026365193501843515,0.0,4.506593204994646,0.0
[4 0 0 1 2 0 0 1 0],0.0,0.0,0.0,0.4081933004050539
[2 1 0 0 0 1 0 0 0],0.3873034137152813,-0.017510765665848693,0.0,-0.0028892378477594193
[3 1 1 0 3 1 0 0 0],0.0,0.10281719527377078,0.0,0.0
[2 0 0 0 0 1 0 0 0],0.02805657880422645,0.07165985559199028,2.0509374180547937,-0.0084658554027434
[1 0 0 0 0 0 0 0 1],0.0,0.0,0.04329577664220144,0.04939827317938295
[-2  1  0  3  3  1  0  0  0],24.496152272832397,-0.016731193292551204,-0.04231557315568235,-0.34141834806949883
[4 0 0 3 0 0 0 0 1],11.597298278151708,3.5270263009414395,-4.484390837172873,3.147934414733662
[1 2 3 0 1 1 0 0 0],3.773413516154675,0.0,0.0,0.0
[4 0 3 1 0 0 0 1 0],0.0,0.0,1.1578180808442864,0.050056480636736386
[4 0 3 0 0 0 0 1 0],5.098138335746115,-5.3472059883501535,1.2673805336690915,0.2594892197827243
[3 1 1 0 0 1 0 0 0],0.10598754012799973,0.0,-0.015265782297928989,0.0
[4 0 1 3 2 0 1 0 0],0.0015248939603576806,0.0,0.0,6.791747249735936
[1 0 0 3 0 0 0 0 1],0.29292822214473296,4.452366654746287,-0.6413942228033422,0.05520684599989721
[4 3 0 0 0 0 0 1 0],-4.054893544056757,4.299601786005138,0.10367761440953602,-0.2936105280066233
[2 1 1 0 1 1 0 0 0],0.0,1.3725760670965461,0.0,0.0
[3 3 1 2 0 0 1 0 0],0.0,0.0,1.0678872568746771,0.0
[-2  0  0  3  0  0  0  0  1],0.42391396258120534,0.0,0.0,-0.00961154790826806
[1 0 0 1 3 0 0 1 0],0.4018749182352288,0.0,0.0,0.0
[-2  1  1  0  1  1  0  0  0],2.8145870778023356,0.4064399803613224,-0.010074400117405716,0.0
[1 0 3 1 1 0 0 1 0],-0.011490502443223274,0.0,0.6485801857804289,0.0
[-3  3  1  2  0  0  1  0  0],0.0,0.0,2.7185410564058516,0.0
[1 0 0 0 1 0 0 0 1],0.6237271809527389,0.0,0.0,0.0
[-1  0  0  3  0  1  0  0  0],0.27740840270055783,20.97235551092575,-0.3373944856402716,1.056105157594501
[2 0 0 0 3 0 1 0 0],21.17467171805984,0.8520111409329141,2.4661901894621168,-0.027525725605154067
[2 0 1 3 0 0 1 0 0],0.013218654755208071,7.750438881880909,0.0,0.0
[1 0 0 0 3 0 1 0 0],0.0198578738388168,0.02697573620539069,0.5347833893256314,-0.2
[-4  0  0  0  1  0  0  0  1],-0.0005583826803133552,7.021983593519712,0.48339502726529804,0.7585018605648359
[-1  0  1  1  0  0  1  0  0],0.0,0.0,5.761369393831709,0.021665198826284558
[4 1 0 0 0 1 0 0 0],0.25614058454262434,0.08292318869242454,4.890569839029382,0.7583316083894587
[-4  1  0  1  2  1  0  0  0],0.0,0.0,0.7960288915709346,0.0
[1 0 1 0 3 0 1 0 0],0.3837577786370739,1.1684738035579072,0.0,-0.20128733408798416
[4 1 0 0 2 1 0 0 0],0.0,0.0,0.0,0.4491514641718456
[1 0 1 3 0 0 1 0 0],0.32349803056042364,0.0,-0.17672933566052262,0.0
[-3  0  0  1  1  0  0  1  0],0.0,0.0,1.3224307117327263,0.0
[-3  3  1  0  0  0  1  0  0],0.0,2.2807579121822434,-0.02785958353177901,0.0
[-3  0  0  0  3  1  0  0  0],0.0,0.0,0.0,-0.19797098769646124
[-4  0  1  1  2  0  1  0  0],0.15699417824153397,0.0,8.618658022181423,0.0
[4 0 0 0 2 0 0 0 1],0.00872405490763652,0.061504989888811985,0.0,8.881931156273343
[-1  2  3  0  1  1  0  0  0],0.0,1.7020571331629455,0.05929517162550352,0.0
[1 2 3 0 0 1 0 0 0],0.45154055795435555,0.0,0.0,0.0
[-1  2  0  3  3  1  0  0  0],0.0,0.5623231964211716,0.0,0.0
[-4  0  3  1  0  0  0  1  0],0.20640614375959046,-0.2,1.6282160419649678,-0.026130711043792637
[1 0 0 0 0 0 0 1 0],0.15440442980589827,0.0,-0.0015348954141406715,-0.014245956513728609
[-4  3  0  0  0  0  0  1  0],0.0,0.14042319877240791,2.6160039694832165,0.0
[-4  0  3  1  2  0  0  1  0],0.0,0.6954591344880452,0.0,0.0
[-4  0  0  3  0  0  0  0  1],0.19793964817155782,9.811250355601878,0.0,0.3080136197455058
[-4  1  3  1  0  1  0  0  0],8.574008751396475,0.0,0.550517592037119,0.11077442711037272
[-4  0  0  3  1  0  0  0  1],13.124209013520542,0.6740653648136665,-0.11926737263045611,1.5779551780048517
[3 3 0 2 1 0 0 1 0],0.0,0.05185612216266597,7.3016093183027895,0.20669723124972147
[3 3 0 2 0 0 0 1 0],0.0,0.0,1.0943562278722154,0.0
[-1  0  0  0  3  0  0  1  0],-0.023557334533209576,8.610556051120978,0.0,0.0
[1 0 0 0 3 0 0 1 0],0.020574749509887035,11.42061879272259,1.5271756234035867,-0.2591530542607497
[-2  0  0  0  3  0  1  0  0],11.119340964234917,0.19984904940466972,0.2670753629468105,-0.3515231698849311
[-4  0  1  1  0  0  1  0  0],0.0,0.0,1.8329365301407994,0.0
[4 0 0 3 0 1 0 0 0],0.492172738512879,6.015581667083643,-2.694037534408004,0.3794657885126945
[-4  0  0  3  0  1  0  0  0],0.0,1.3610467276256368,-0.1824224917663623,-0.02551276836042332
[2 0 2 3 1 0 1 0 0],0.0,15.5879283275555,-0.12770748746616348,0.0
[4 3 0 0 0 0 1 0 0],-4.168056874273472,3.1164197283160515,12.44817234750324,0.2777446815793119
[-2  1  2  3  0  1  0  0  0],0.0,4.309980639622927,0.0,0.0
[-2  3  0  1  0  0  0  1  0],-0.16643250356915068,-0.026383261922507208,0.0,0.5793887121999395
[1 0 3 3 0 0 0 0 1],0.19099387826063519,-0.2,-0.2,-0.012678366212141592
[3 0 1 0 3 0 1 0 0],0.0,0.4212248101265593,0.10831498798849173,0.0
[4 1 3 1 0 1 0 0 0],0.0,-0.17917304298716505,0.11876795856260657,2.102867196841072
[1 2 0 3 1 1 0 0 0],1.6566595299674527,0.0,0.0,0.0
[-2  0  2  3  3  0  1  0  0],0.0,5.550313891175959,0.0,0.0
[1 0 3 3 1 0 0 0 1],0.0715370355125268,0.0,-0.2,0.0
[-1  2  0  3  1  1  0  0  0],0.0,0.0,0.0,5.349704304629699
[1 2 0 3 0 1 0 0 0],4.971414994605983,0.013752588029408565,0.0,0.0
[-2  0  0  3  3  1  0  0  0],0.059753152903711075,5.917917712648852,-0.2,-0.36157915384440753
[2 0 0 3 3 1 0 0 0],0.0,0.08585877196773639,0.0,0.0
[-1  0  0  0  3  0  1  0  0],0.5551420632015147,0.30956959661065325,0.0,-0.33461902764922813
[1 1 3 0 0 1 0 0 0],0.9081040232046929,0.0,0.0,0.0
[-4  3  1  0  2  0  1  0  0],0.0,0.0,0.0,2.5357403291000713
[-2  0  2  3  1  0  1  0  0],0.6384945266301735,0.0,-0.2,0.0
[1 0 1 1 0 0 1 0 0],0.26018925878957455,0.0,0.0,0.0
[-3  3  3  0  0  0  0  0  1],-0.2,-0.2,-0.02112475839901639,1.3905914079409163
[-2  0  1  3  0  0  1  0  0],0.0,0.5873550454252106,0.0,0.0
[-1  2  1  1  0  1  0  0  0],0.0,0.0,0.0,0.3808179096884572
[-1  0  3  0  1  0  0  0  1],0.48966782678593956,-0.31799710920695984,0.0,8.339897877740441
[4 1 1 0 2 1 0 0 0],0.0,0.0,0.0,3.494314471473125
[4 0 1 0 2 0 1 0 0],0.0679402008046592,0.4675751687901236,0.0,2.51035774503254
[-2  3  0  0  0  0  1  0  0],-0.36489254223067447,0.16036406511395007,9.275670747533436,0.5799596175523105
[4 1 3 3 0 1 0 0 0],1.5251950873121396,-0.3910728983224063,-0.2,0.20381185297275034
[2 3 0 1 3 0 0 1 0],-0.2,-0.05233979560907859,0.0,0.0
[2 1 1 1 0 1 0 0 0],0.0,2.9458324820902937,0.0,0.007678364609253175
[-4  1  1  0  2  1  0  0  0],0.34068111863036643,0.0,0.0,0.0
[4 0 1 3 0 0 1 0 0],11.034776692743101,0.8850268506144875,-0.06102586470278554,6.417413915292757
[-1  2  1  0  1  1  0  0  0],0.0,0.0,0.0,1.1552623722701385
[1 0 0 0 0 0 1 0 0],-0.005131971961267154,0.25958726127536474,1.226060857900972,0.0
[1 2 1 0 0 1 0 0 0],2.0983051790620513,0.0,0.0,0.0
[2 0 0 0 3 1 0 0 0],-0.02177093041715044,0.015094088676499622,1.4008859654309769,-0.32537420967613534
[3 0 3 0 1 0 0 0 1],0.0,0.0,0.0,0.10532744657200355
[-1  0  0  0  0  1  0  0  0],1.3399416736503678,0.2384211514682274,0.0,0.0
[2 1 0 1 3 1 0 0 0],0.11974087440675896,-0.026318830791200978,0.0,0.0
[3 1 3 0 0 1 0 0 0],0.0,0.0,0.20469207458005456,0.009816881460782877
[3 3 3 2 0 0 0 1 0],0.0,-0.2,0.4301967649550052,0.0
[-4  0  0  0  0  0  1  0  0],0.0,0.42797238018215955,0.0,2.803177251008685
[3 3 0 0 0 0 0 0 1],-0.3303005685573432,2.1067442797998974,0.001324998119572768,0.07895600712578253
[2 0 1 1 1 0 1 0 0],0.01754148610598252,3.3241577828053335,0.0,0.0
[3 0 0 0 0 0 0 1 0],11.779501851288124,0.38119126756065846,0.3492305760777859,0.5925737108242349
[-2  3  0  0  1  0  0  0  1],-0.07248254486222852,0.0,0.0,11.751920655136416
[3 1 0 1 0 1 0 0 0],0.0,0.0,2.156567295644405,0.0
[-2  0  0  1  3  0  0  1  0],0.0,0.0,1.4651349013304968,0.0
[1 0 1 0 0 0 1 0 0],0.6251295976774374,0.0,0.0,0.01689231121877945
[-4  0  3  0  2  0  0  0  1],0.28633541374146876,0.0,0.0,0.0
[-2  0  1  0  0  0  1  0  0],0.0,0.26643387607972785,0.0,0.0
[1 0 0 1 1 0 0 1 0],0.08616736226246226,0.0,0.0,0.0
[1 0 0 3 0 0 1 0 0],0.2652192504473809,0.0,0.0,0.0
[-4  0  3  0  0  0  0  1  0],0.16399866641037367,0.0,0.017075818782777547,0.5218716335917782
[1 0 3 0 0 0 0 1 0],0.01866021809632646,-0.1973982685184152,0.0,0.5189153242077434
[-4  0  3  3  0  1  0  0  0],1.9513635410631656,-0.2,0.0,0.0
[-2  0  2  1  1  0  1  0  0],0.0,0.597300729526223,0.0,4.297680862441132
[-4  3  0  1  2  0  0  1  0],0.401434530662781,0.0,0.0,0.0
[4 0 0 0 0 1 0 0 0],-0.2581115147385992,2.495584231371297,0.12527564295479743,-0.1886019299088405
[4 1 0 3 2 1 0 0 0],0.0,0.0,0.0,4.799957874637148
[-1  2  0  3  0  1  0  0  0],0.5235473416142544,0.0,-0.0178445169440813,0.2846139482059843
[-2  3  0  0  0  0  0  1  0],-0.13886214200081015,0.04482589644252527,0.0,4.874954745315865
[-4  0  0  1  0  0  0  1  0],0.0,0.0,3.951045052833581,0.10548811595047891
[-3  1  0  1  0  1  0  0  0],0.0,0.0,0.29085326394713773,0.0
[-1  2  3  3  0  1  0  0  0],0.0,0.0,0.0,1.364268682312051
[-2  1  0  1  0  1  0  0  0],0.8804770474286405,0.0,0.0,0.19027034524927125
[-1  0  1  0  0  0  1  0  0],0.09777721009736043,0.43110282030383157,0.0,1.01082626116542
[2 0 0 3 0 1 0 0 0],-0.026916934928913904,0.0,-0.6019242170571746,0.309567027125249
[0 0 0 3 3 0 0 0 0],0.0,0.0,0.0,0.0
[-2  1  0  1  1  1  0  0  0],0.0,0.0,3.267220568384426,0.4988003764280092
[1 2 0 1 1 1 0 0 0],3.6007491870462993,0.0,0.0,0.0
[3 3 3 0 1 0 0 0 1],0.0,0.0,-0.0164480901268051,0.0
[-4  0  0  3  2  0  0  0  1],0.1252166331647699,0.0,0.0,0.0
[2 0 0 3 1 0 0 0 1],0.0,0.32409330148686616,0.0,0.0
[-2  0  2  0  3  0  1  0  0],0.0,0.0,0.08612696503003464,0.0
[-3  0  1  0  3  0  1  0  0],0.0,1.8242784130125846,0.0,0.0
[3 0 0 0 0 0 1 0 0],0.5639796704936173,0.011881910419822584,0.05204312451363458,8.72007087347408
[2 0 1 0 0 0 1 0 0],0.0,0.8168620693179851,0.04846203368906315,0.0
[2 0 2 3 0 0 1 0 0],0.0,0.6201014778664615,0.0,0.0
[-1  1  0  3  0  1  0  0  0],0.0,0.8370860700993883,0.0,0.13310673846424226
[4 1 1 1 0 1 0 0 0],0.0,0.0,1.396424321748817,0.05059774197702667
[2 0 2 0 1 0 1 0 0],0.0,1.2307102972453632,0.0,0.0
[-1  0  0  0  0  0  0  1  0],0.49813859870781096,0.0,0.2438067170071403,0.0
[-1  1  1  0  0  1  0  0  0],0.0,0.0,0.2156410327584799,0.0
[-3  0  0  0  1  0  0  0  1],0.0,0.0,0.0,0.4350158074034055
[-2  3  2  0  0  0  1  0  0],-0.2,0.0,0.0,0.27774817945059604
[-3  1  1  0  0  1  0  0  0],0.0,1.2281532246862428,0.008636646907592938,1.8031084988807444
[-4  0  0  1  1  0  0  1  0],0.0,0.0,0.0,1.3182258741400223
[-3  0  0  0  0  0  0  1  0],0.0,8.03774108638781,0.14501389905896897,0.39250953800815835
[-3  0  3  0  0  1  0  0  0],0.3459382921022248,0.0,0.0,0.0
[-1  0  3  0  0  0  0  0  1],0.0,0.0,0.0,1.3246294887207346
[4 0 1 1 0 0 1 0 0],0.0,0.0,0.0,0.0893737327907697
[-2  1  0  0  3  1  0  0  0],0.4540568959975302,0.2077293747592379,0.0,-0.19837115951429574
[-1  0  0  0  0  0  1  0  0],0.39298351677322874,0.0,0.0,0.0
[4 0 1 1 2 0 1 0 0],0.0,0.18006593439837495,0.0,1.2628699473994751
[4 1 1 0 0 1 0 0 0],0.0,0.18292318869242455,0.0,-0.02307260491741031
[3 0 0 0 1 0 0 0 1],0.0,0.0,-0.004442584999022047,0.0
[-1  2  0  1  1  1  0  0  0],0.0,0.0,1.5242198001990732,0.0
[1 2 0 0 1 1 0 0 0],0.6297037553736371,0.0,0.0,0.0
[2 1 0 3 3 1 0 0 0],0.0,-0.011483890011870074,0.0,0.0
[-1  1  0  0  1  1  0  0  0],0.4227699693228775,0.0,0.0,0.0
[-4  0  3  0  0  1  0  0  0],0.0,0.0,0.8059779761196559,0.0
[-1  0  3  0  0  0  0  1  0],0.0,-0.2,0.6027947125234709,0.0
[-1  2  1  0  0  1  0  0  0],0.5900363348341867,0.0,0.0,0.0
[3 1 3 2 0 1 0 0 0],0.0,0.0,0.640519616336892,0.0
[1 0 3 0 0 0 0 0 1],0.042247923791012915,-0.2,0.0,0.0
[-2  3  0  0  0  0  0  0  1],-0.1351383069854342,0.3133084635452582,9.21174129503748,0.2557083626157338
[-4  1  0  0  1  1  0  0  0],0.0,0.0,0.1508107048285926,0.0
[-2  0  1  1  0  0  1  0  0],0.0,0.0,0.5211427352669492,0.0
[-2  0  0  0  0  0  1  0  0],0.17351123041213928,0.7692733206239757,0.0,0.0
[-1  2  3  1  0  1  0  0  0],0.5819166249963065,0.0,0.0,0.0
[1 2 0 0 0 1 0 0 0],0.6383249915230274,0.0,0.0,0.0
[2 1 0 1 0 1 0 0 0],0.1573296004429638,0.3876875527897047,0.0,0.0
[4 1 0 1 0 1 0 0 0],0.0,0.0,0.0,0.06679079810677499
[-2  0  0  1  0  0  0  1  0],0.0,0.22917828026333772,1.096582446418401,0.0
[-3  0  0  0  0  0  0  0  1],1.0627543822135788,0.0,0.0,0.0
[3 0 0 0 0 0 0 0 1],1.4965297832424933,0.0,0.0,0.23902390614632515
[-1  0  0  0  0  0  0  0  1],0.0,0.0,0.2627684726110774,0.0
[-2  0  2  0  0  0  1  0  0],0.0,0.6308043789808816,0.0,0.0
[-1  1  0  1  0  1  0  0  0],0.0,0.23203326040363867,0.0,7.761996770204055
[1 1 0 1 0 1 0 0 0],1.1378671884751825,0.0,0.0,0.0
[-2  0  0  0  3  0  0  1  0],0.0,0.0,0.09131520239923446,0.0
[0 3 0 0 3 0 0 0 0],0.0,0.0,0.0,0.0
[2 1 2 1 0 1 0 0 0],0.0,0.6352140091084211,0.0,0.0
[-1  1  3  0  0  1  0  0  0],0.921780011284697,-0.1958673278209896,0.0,0.0
[-2  0  0  0  0  1  0  0  0],0.07428586256871705,0.0,0.0,0.0
[4 0 0 0 0 0 1 0 0],0.11297744188699661,0.25072571397635907,7.154687270924661,0.10267179116348386
[1 2 1 0 1 1 0 0 0],0.6307230433986549,0.0,0.0,0.0
